INSERT INTO address (id, street, post_number, city) VALUES (1, 'Trg Stjepana Radića 6', 49000, 'Krapina');
INSERT INTO address (id, street, post_number, city) VALUES (2, 'Njegoševa 14', 42000, 'Varaždin');
INSERT INTO address (id, street, post_number, city) VALUES (3, 'Primorska 20', 42000, 'Varazdin');
INSERT INTO address (id, street, post_number, city) VALUES (4, 'Ivana Generalića 3', 48000, 'Koprivnica');
INSERT INTO address (id, street, post_number, city) VALUES (5, 'Petra Zrinskog 13', 43000, 'Bjelovar');
INSERT INTO address (id, street, post_number, city) VALUES (6, 'Pavlovec Zabočki 132', 49210, 'Zabok');
INSERT INTO address (id, street, post_number, city) VALUES (7, 'Dugoselska cesta 5', 10370, 'Rugvica');
INSERT INTO address (id, street, post_number, city) VALUES (8, 'Andrije Hebranga 9', 43000, 'Bjelovar');
INSERT INTO address (id, street, post_number, city) VALUES (9, 'Baštijanova 52a', 10000, 'Zagreb');
INSERT INTO address (id, street, post_number, city) VALUES (10, 'Trnjanska 45', 10000, 'Zagreb');
INSERT INTO address (id, street, post_number, city) VALUES (11, 'Buzinski prilaz 10', 10000, 'Zagreb');
INSERT INTO address (id, street, post_number, city) VALUES (12, 'Trg 22. lipnja 4f', 44000, 'Sisak');
INSERT INTO address (id, street, post_number, city) VALUES (13, 'Šulekova 12', 47000, 'Karlovac');
INSERT INTO address (id, street, post_number, city) VALUES (14, 'R. Lovrenca 44', 49000, 'Krapina');
INSERT INTO address (id, street, post_number, city) VALUES (15, 'Zagrebačka 215', 42000, 'Varaždin');

INSERT INTO contact (id, phone, email) VALUES (1, '072 726 786', 'iotasmas.servicecenter@gmail.com');
INSERT INTO contact (id, phone, email) VALUES (2, '072 726 786', 'iotasmas.servicecenter@gmail.com');
INSERT INTO contact (id, phone, email) VALUES (3, '072 726 786', 'iotasmas.servicecenter@gmail.com');
INSERT INTO contact (id, phone, email) VALUES (4, '072 726 786', 'iotasmas.servicecenter@gmail.com');
INSERT INTO contact (id, phone, email) VALUES (5, '072 726 786', 'iotasmas.servicecenter@gmail.com');
INSERT INTO contact (id, phone, email) VALUES (6, '072 726 786', 'iotasmas.servicecenter@gmail.com');
INSERT INTO contact (id, phone, email) VALUES (7, '072 726 786', 'iotasmas.servicecenter@gmail.com');
INSERT INTO contact (id, phone, email) VALUES (8, '072 726 786', 'iotasmas.servicecenter@gmail.com');
INSERT INTO contact (id, phone, email) VALUES (9, '072 726 786', 'iotasmas.servicecenter@gmail.com');
INSERT INTO contact (id, phone, email) VALUES (10, '072 726 786', 'iotasmas.servicecenter@gmail.com');
INSERT INTO contact (id, phone, email) VALUES (11, '072 726 786', 'iotasmas.servicecenter@gmail.com');
INSERT INTO contact (id, phone, email) VALUES (12, '072 726 786', 'iotasmas.servicecenter@gmail.com');
INSERT INTO contact (id, phone, email) VALUES (13, '072 726 786', 'iotasmas.servicecenter@gmail.com');
INSERT INTO contact (id, phone, email) VALUES (14, '072 726 786', 'iotasmas.servicecenter@gmail.com');
INSERT INTO contact (id, phone, email) VALUES (15, '072 726 786', 'iotasmas.servicecenter@gmail.com');

INSERT INTO service_centre(id, name, address_id, contact_id) VALUES (1, 'Servis Jurinjak', 1, 1);
INSERT INTO service_centre(id, name, address_id, contact_id) VALUES (2, 'RTV Servis Keček', 2, 2);
INSERT INTO service_centre(id, name, address_id, contact_id) VALUES (3, 'BI-EL', 3, 3);
INSERT INTO service_centre(id, name, address_id, contact_id) VALUES (4, 'Servis Dolenec', 4, 4);
INSERT INTO service_centre(id, name, address_id, contact_id) VALUES (5, 'Ježić Color servis d.o.o.', 5, 5);
INSERT INTO service_centre(id, name, address_id, contact_id) VALUES (6, 'RISEL', 6, 6);
INSERT INTO service_centre(id, name, address_id, contact_id) VALUES (7, 'MR servis', 7, 7);
INSERT INTO service_centre(id, name, address_id, contact_id) VALUES (8, 'DOMI-ELEKTRONIK', 8, 8);
INSERT INTO service_centre(id, name, address_id, contact_id) VALUES (9, 'Combis d.o.o.', 9, 9);
INSERT INTO service_centre(id, name, address_id, contact_id) VALUES (10, 'Ecos Adria d.o.o.', 10, 10);
INSERT INTO service_centre(id, name, address_id, contact_id) VALUES (11, 'King ICT d.o.o.', 11, 11);
INSERT INTO service_centre(id, name, address_id, contact_id) VALUES (12, 'ETC-Sisak', 12, 12);
INSERT INTO service_centre(id, name, address_id, contact_id) VALUES (13, 'Servis kućanskih aparata', 13, 13);
INSERT INTO service_centre(id, name, address_id, contact_id) VALUES (14, 'Golub servis i trgovina', 14, 14);
INSERT INTO service_centre(id, name, address_id, contact_id) VALUES (15, 'Potos d.o.o.', 15, 15);

INSERT INTO device(id, name, description) VALUES (1, 'Klima uređaj', '');
INSERT INTO device(id, name, description) VALUES (2, 'Hladnjak', '');
INSERT INTO device(id, name, description) VALUES (3, 'TV', '');
INSERT INTO device(id, name, description) VALUES (4, 'Klima uređaj', '');
INSERT INTO device(id, name, description) VALUES (5, 'Hladnjak', '');
INSERT INTO device(id, name, description) VALUES (6, 'TV', '');
INSERT INTO device(id, name, description) VALUES (7, 'Klima uređaj', '');
INSERT INTO device(id, name, description) VALUES (8, 'Hladnjak', '');
INSERT INTO device(id, name, description) VALUES (9, 'TV', '');
INSERT INTO device(id, name, description) VALUES (10, 'Klima uređaj', '');
INSERT INTO device(id, name, description) VALUES (11, 'Hladnjak', '');
INSERT INTO device(id, name, description) VALUES (12, 'TV', '');
INSERT INTO device(id, name, description) VALUES (13, 'Klima uređaj', '');
INSERT INTO device(id, name, description) VALUES (14, 'Hladnjak', '');
INSERT INTO device(id, name, description) VALUES (15, 'TV', '');
INSERT INTO device(id, name, description) VALUES (16, 'Klima uređaj', '');
INSERT INTO device(id, name, description) VALUES (17, 'Hladnjak', '');
INSERT INTO device(id, name, description) VALUES (18, 'TV', '');
INSERT INTO device(id, name, description) VALUES (19, 'Klima uređaj', '');
INSERT INTO device(id, name, description) VALUES (20, 'Hladnjak', '');
INSERT INTO device(id, name, description) VALUES (21, 'TV', '');
INSERT INTO device(id, name, description) VALUES (22, 'Klima uređaj', '');
INSERT INTO device(id, name, description) VALUES (23, 'Hladnjak', '');
INSERT INTO device(id, name, description) VALUES (24, 'TV', '');
INSERT INTO device(id, name, description) VALUES (25, 'Klima uređaj', '');
INSERT INTO device(id, name, description) VALUES (26, 'Hladnjak', '');
INSERT INTO device(id, name, description) VALUES (27, 'TV', '');
INSERT INTO device(id, name, description) VALUES (28, 'Klima uređaj', '');
INSERT INTO device(id, name, description) VALUES (29, 'Hladnjak', '');
INSERT INTO device(id, name, description) VALUES (30, 'TV', '');
INSERT INTO device(id, name, description) VALUES (31, 'Klima uređaj', '');
INSERT INTO device(id, name, description) VALUES (32, 'Hladnjak', '');
INSERT INTO device(id, name, description) VALUES (33, 'TV', '');
INSERT INTO device(id, name, description) VALUES (34, 'Klima uređaj', '');
INSERT INTO device(id, name, description) VALUES (35, 'Hladnjak', '');
INSERT INTO device(id, name, description) VALUES (36, 'TV', '');
INSERT INTO device(id, name, description) VALUES (37, 'Klima uređaj', '');
INSERT INTO device(id, name, description) VALUES (38, 'Hladnjak', '');
INSERT INTO device(id, name, description) VALUES (39, 'TV', '');
INSERT INTO device(id, name, description) VALUES (40, 'Klima uređaj', '');
INSERT INTO device(id, name, description) VALUES (41, 'Hladnjak', '');
INSERT INTO device(id, name, description) VALUES (42, 'TV', '');
INSERT INTO device(id, name, description) VALUES (43, 'Klima uređaj', '');
INSERT INTO device(id, name, description) VALUES (44, 'Hladnjak', '');
INSERT INTO device(id, name, description) VALUES (45, 'TV', '');

INSERT INTO services (id, device_id, price, `time`, service_centre_id) VALUES (1, 1, 231, 123, 1);
INSERT INTO services (id, device_id, price, `time`, service_centre_id) VALUES (2, 2, 557, 249, 1);
INSERT INTO services (id, device_id, price, `time`, service_centre_id) VALUES (3, 3, 456, 183, 1);
INSERT INTO services (id, device_id, price, `time`, service_centre_id) VALUES (4, 4, 292, 150, 2);
INSERT INTO services (id, device_id, price, `time`, service_centre_id) VALUES (5, 5, 490, 274, 2);
INSERT INTO services (id, device_id, price, `time`, service_centre_id) VALUES (6, 6, 320, 299, 2);
INSERT INTO services (id, device_id, price, `time`, service_centre_id) VALUES (7, 7, 230, 121, 3);
INSERT INTO services (id, device_id, price, `time`, service_centre_id) VALUES (8, 8, 302, 204, 3);
INSERT INTO services (id, device_id, price, `time`, service_centre_id) VALUES (9, 9, 440, 294, 3);
INSERT INTO services (id, device_id, price, `time`, service_centre_id) VALUES (10, 10, 294, 174, 4);
INSERT INTO services (id, device_id, price, `time`, service_centre_id) VALUES (11, 11, 537, 239, 4);
INSERT INTO services (id, device_id, price, `time`, service_centre_id) VALUES (12, 12, 266, 118, 4);
INSERT INTO services (id, device_id, price, `time`, service_centre_id) VALUES (13, 13, 315, 126, 5);
INSERT INTO services (id, device_id, price, `time`, service_centre_id) VALUES (14, 14, 471, 215, 5);
INSERT INTO services (id, device_id, price, `time`, service_centre_id) VALUES (15, 15, 493, 329, 5);
INSERT INTO services (id, device_id, price, `time`, service_centre_id) VALUES (16, 16, 365, 122, 6);
INSERT INTO services (id, device_id, price, `time`, service_centre_id) VALUES (17, 17, 395, 289, 6);
INSERT INTO services (id, device_id, price, `time`, service_centre_id) VALUES (18, 18, 333, 374, 6);
INSERT INTO services (id, device_id, price, `time`, service_centre_id) VALUES (19, 19, 382, 158, 7);
INSERT INTO services (id, device_id, price, `time`, service_centre_id) VALUES (20, 20, 335, 268, 7);
INSERT INTO services (id, device_id, price, `time`, service_centre_id) VALUES (21, 21, 413, 325, 7);
INSERT INTO services (id, device_id, price, `time`, service_centre_id) VALUES (22, 22, 211, 148, 8);
INSERT INTO services (id, device_id, price, `time`, service_centre_id) VALUES (23, 23, 449, 203, 8);
INSERT INTO services (id, device_id, price, `time`, service_centre_id) VALUES (24, 24, 243, 397, 8);
INSERT INTO services (id, device_id, price, `time`, service_centre_id) VALUES (25, 25, 250, 159, 9);
INSERT INTO services (id, device_id, price, `time`, service_centre_id) VALUES (26, 26, 485, 217, 9);
INSERT INTO services (id, device_id, price, `time`, service_centre_id) VALUES (27, 27, 474, 250, 9);
INSERT INTO services (id, device_id, price, `time`, service_centre_id) VALUES (28, 28, 243, 153, 10);
INSERT INTO services (id, device_id, price, `time`, service_centre_id) VALUES (29, 29, 310, 245, 10);
INSERT INTO services (id, device_id, price, `time`, service_centre_id) VALUES (30, 30, 303, 248, 10);
INSERT INTO services (id, device_id, price, `time`, service_centre_id) VALUES (31, 31, 338, 137, 11);
INSERT INTO services (id, device_id, price, `time`, service_centre_id) VALUES (32, 32, 559, 264, 11);
INSERT INTO services (id, device_id, price, `time`, service_centre_id) VALUES (33, 33, 205, 353, 11);
INSERT INTO services (id, device_id, price, `time`, service_centre_id) VALUES (34, 34, 205, 151, 12);
INSERT INTO services (id, device_id, price, `time`, service_centre_id) VALUES (35, 35, 598, 280, 12);
INSERT INTO services (id, device_id, price, `time`, service_centre_id) VALUES (36, 36, 381, 383, 12);
INSERT INTO services (id, device_id, price, `time`, service_centre_id) VALUES (37, 37, 290, 156, 13);
INSERT INTO services (id, device_id, price, `time`, service_centre_id) VALUES (38, 38, 395, 212, 13);
INSERT INTO services (id, device_id, price, `time`, service_centre_id) VALUES (39, 39, 226, 125, 13);
INSERT INTO services (id, device_id, price, `time`, service_centre_id) VALUES (40, 40, 399, 297, 14);
INSERT INTO services (id, device_id, price, `time`, service_centre_id) VALUES (41, 41, 410, 288, 14);
INSERT INTO services (id, device_id, price, `time`, service_centre_id) VALUES (42, 42, 363, 131, 14);
INSERT INTO services (id, device_id, price, `time`, service_centre_id) VALUES (43, 43, 336, 298, 15);
INSERT INTO services (id, device_id, price, `time`, service_centre_id) VALUES (44, 44, 376, 236, 15);
INSERT INTO services (id, device_id, price, `time`, service_centre_id) VALUES (45, 45, 247, 132, 15);

